"product_category","total_profit"
"Technology","145454.9480999999968420"
"Office Supplies","122490.8007999999985225"
"Furniture","18451.2727999999933410"
